Gen	No. de genes que regula	Genes regulados	Efecto
ATP-dependent RNA helicase DeaD	3	mntR, sdiA, uvrY	Activador
AaeR	3	aaeA, aaeB, aaeX	Activador
AccB	2	accB, accC	Represor
AcnB	1	acnB	Activador
AcrR	15	acrA, acrB, acrR, flhC, flhD, marA, marB, marR, mdtI, mdtJ, mdtU, micF, puuA, soxR, soxS	Represor
Ada	2	aidB, alkA	Activador
AdiY	8	adiA, gadA, gadB, gadC, gadX, gltB, gltD, gltF	Activador
AgaR	11	agaA, agaB, agaC, agaD, agaI, agaR, agaS, agaV, agaW, kbaY, kbaZ	Represor
AgrB	1	dinQ	Represor
AidB	1	aidB	Represor
AlaS	1	alaS	Represor
AllR	9	allA, allB, allS, allW, gcl, glxK, glxR, hyi, ybbY	Represor
AllS	3	allC, allD, allE	Activador
AlpA	3	intA, phoB, phoR	Dual
AlsR	6	alsA, alsB, alsC, alsE, alsR, rpiB	Represor
AmeF	2	mazE, mazF	Activador
AppY	10	appA, appB, appC, appX, hyaA, hyaB, hyaC, hyaD, hyaE, hyaF	Activador
AraC	15	araE, araF, araG, araH, araJ, xylA, xylB, xylZ, ydeM, ydeN, ygeA, yjfF, ytfQ, ytfR, ytfT	Dual
ArcA	226	aceA, aceB, aceE, aceF, aceK, ackA, acnA, acnB, acpP, aldA, appA, appB, appC, appX, appY, arcA, arcZ, argR, argT, betA, betB, betI, betT, cadA, cadB, caiA, caiB, caiC, caiD, caiE, caiT, carA, citC, citD, citE, citF, citG, citX, cycA, cydA, cydB, cydC, cydD, cyoA, cyoB, cyoC, cyoD, cyoE, dctA, dcuA, dcuB, dcuC, dpiA, dpiB, dppA, dsbB, fadA, fadB, fadD, fadE, fadH, fadI, fadJ, fadL, feoA, fnr, folE, fumA, fumB, fumC, gadA, gadE, gadF, gadX, gatA, gatB, gatC, gatD, gatY, gatZ, gcvB, glaH, glcA, glcB, glcC, glcD, glcE, glcF, glcG, glpA, glpB, glpC, glpD, glpE, gltA, grcA, hemA, hyaA, hyaB, hyaC, hyaD, hyaE, hyaF, hybA, hybB, hybC, hybD, hybE, hybF, hybG, hybO, icd, igaA, iraM, kdpA, kgtP, lldD, lldP, lldR, lpd, manA, mdh, micF, moeA, moeB, mqo, msrB, ndh, ndk, nudE, nuoA, nuoB, nuoC, nuoE, nuoF, nuoG, nuoH, nuoI, nuoJ, nuoK, nuoL, nuoM, nuoN, nupC, ompW, oppB, oppC, oppD, oppF, osmY, pepN, pflB, phoH, pldA, pncB, pntA, potF, pqqU, prfA, prmC, ptsG, putA, putP, puuA, puuB, puuC, puuD, puuE, puuP, puuR, pyrS, rhaT, rho, rmf, rplB, rplC, rplD, rplP, rplV, rplW, rpmC, rpoS, rpsC, rpsJ, rpsQ, rpsS, rsd, rstA, rutA, rutB, rutC, rutD, rutE, rutF, rutG, sodA, sroD, ssb, sstT, sthA, thiC, thrA, tpx, treB, treC, ubiA, ubiC, uvrA, xthA, xylR, ybdN, ybfA, ybiU, ydeA, ydgC, yeiQ, yejG, yfiF, yhgE, yhjE, yieE, yigI, yjiR, ymjE, ynaJ, yncE	Dual
ArcZ	6	eptB, flhC, flhD, lrhA, mutS, rpoS	Dual
ArgP	15	argO, argP, asd, dapB, dapD, dnaA, dnaN, gdhA, lysA, lysC, lysP, nrdA, nrdB, recF, yfaE	Dual
ArgR	64	argA, argB, argC, argD, argE, argF, argG, argH, argI, argR, aroK, aroP, artI, artJ, artM, artP, artQ, astA, astB, astC, astD, astE, carA, carB, cvpA, dacC, dps, eutS, ftsZ, gltB, gltD, gltF, gltP, hchA, hisJ, hisL, hisM, hisP, hisQ, infB, lrp, lysO, mcaS, metY, mukE, nusA, pfkB, pnp, potF, puuB, pyrL, rbfA, rimP, rpsO, stpA, truB, waaA, yaaU, ydgI, yfcC, yffB, yhcC, ykgA, yraQ	Dual
ArrS	3	cfa, gadE, gadF	Activador
ArsR	3	arsB, arsC, arsR	Represor
AscG	5	ascB, ascF, htpG, prpR, ybiT	Represor
AsflhD	1	flhD	Represor
AsnC	4	asnA, asnC, mioC, mnmG	Dual
AtoC	4	atoA, atoB, atoD, atoE	Activador
AzuR	2	cadA, galE	Represor
BaeR	9	acrD, baeR, baeS, mdtA, mdtB, mdtC, mdtD, spy, ycaC	Activador
BasR	26	arnA, arnB, arnC, arnD, arnE, arnF, arnT, csgD, csgE, csgF, csgG, cspI, dgkA, emrD, eptA, fimB, glpA, glpB, glpC, hha, putA, qseB, qseC, tomB, waaH, yrbL	Dual
BetI	4	betA, betB, betI, betT	Represor
BirA	5	bioA, bioB, bioC, bioD, bioF	Represor
BluR	4	ariR, ycgZ, ymgA, ymgC	Represor
BolA	9	csgA, csgD, csgE, csgF, csgG, fimH, mreB, mreC, mreD	Dual
BtsR	15	aceE, aceF, btsT, csgA, csgB, csgC, csgD, csgE, csgF, csgG, cspC, lpd, mdh, pdhR, yobF	Dual
C0293	3	fadR, hcaR, iroK	Represor
CRP	538	aaeA, aaeB, aaeR, aaeX, abgR, aceA, aceB, aceE, aceF, aceK, acnA, acnB, acs, actP, aegA, aer, agaA, agaV, agaW, agp, aldA, aldB, ampD, ampE, ansB, aphA, araA, araB, araC, araD, araE, araF, araG, araH, arfB, argG, aroA, ascB, ascF, aspA, aspX, azuC, azuR, b0725, bglB, bglF, bglG, bhsA, bidA, btsT, caiA, caiB, caiC, caiD, caiE, caiF, caiT, cas1, cas2, cas3, casA, casB, casC, casD, casE, chbA, chbB, chbC, chbF, chbG, chbR, chiP, chiQ, chiZ, cirA, citC, citD, citE, citF, citG, citX, comR, cpdB, csgD, csgE, csgF, csgG, csiE, cspD, cspE, csrC, cstA, cyaA, cyaR, cycA, cyoA, cyoB, cyoC, cyoD, cyoE, cysG, dctA, dcuA, dcuB, dcuR, dgoA, dgoD, dgoK, dgoR, dgoT, dksA, dpiA, dpiB, dsdA, dsdX, ebgA, ebgC, efpL, elfA, entA, entB, entC, entD, entE, entF, entH, epd, exuR, exuT, fadD, fadH, fadL, fbaA, feaB, feaR, fecA, fecB, fecC, fecD, fecE, fepA, fiu, fixA, fixB, fixC, fixX, flhC, flhD, focA, focB, frlA, frlB, frlC, frlD, frlR, fucA, fucI, fucK, fucO, fucP, fucR, fucU, fumA, fumB, fumC, fur, gabD, gabP, gabT, gadA, gadB, gadC, gadE, gadF, gadX, galP, galS, gapA, gatA, gatB, gatC, gatD, gatY, gatZ, gcd, gcvH, gcvP, gcvT, gdhA, glaH, glcC, glgA, glgC, glgP, glgS, glpA, glpB, glpC, glpD, glpE, glpF, glpG, glpK, glpQ, glpR, glpT, glpX, gltA, gltB, gltD, gltF, gntK, gntP, gntT, gntU, gpsA, grcA, grpE, guaA, guaB, gutM, gutQ, gyrA, hflC, hflK, hflX, hfq, hicA, hicB, hlyE, hofB, hofC, hofM, hofN, hofO, hofP, hpt, htpG, hupA, hupB, hyfA, hyfB, hyfC, hyfD, hyfE, hyfF, hyfG, hyfH, hyfI, hyfJ, hyfR, idnD, idnK, idnO, idnR, idnT, ilvB, ilvN, infB, ivbL, kbaZ, lacI, lamB, lgoD, lgoR, lhgD, lsrA, lsrB, lsrC, lsrD, lsrF, lsrG, lsrK, lsrR, lyxK, malE, malF, malG, malH, malK, malM, malS, malT, malX, malY, manX, manY, manZ, marA, marB, marR, mazE, mazF, mcaS, mdh, mdtE, mdtF, melA, melB, melR, metK, metY, mglA, mglB, mglC, mhpA, mhpB, mhpC, mhpD, mhpE, mhpF, mhpR, modA, modB, modC, mokB, mpl, mtlA, mtlD, mtlR, murP, murQ, nadC, nanA, nanC, nanE, nanK, nanM, nanQ, nanS, nanT, narQ, nfuA, nirB, nirC, nirD, nlpE, nmpC, nrdA, nrdB, nupC, nusA, ompA, ompF, ompW, ortT, osmY, oxyR, paaA, paaB, paaC, paaD, paaE, paaF, paaG, paaH, paaI, paaJ, paaK, paaZ, patZ, pdhR, pflB, pgk, plaR, pncB, pnp, ppdD, preA, preT, priB, prpB, prpC, prpD, prpE, prpR, psiE, psuG, psuK, ptsG, purH, putP, puuB, puuC, puuD, puuE, puuR, raiA, raiZ, rbfA, rbsA, rbsB, rbsC, rbsD, rbsK, rbsR, rbsZ, relA, rhaA, rhaB, rhaD, rhaR, rhaS, rhaT, rihA, rimP, rmf, rof, rplI, rplM, rpoE, rpoS, rpsF, rpsI, rpsO, rpsR, rseA, rseB, rseC, rseD, rspA, rspB, sbmC, sdhA, sdhB, sdhC, sdhD, sdhX, secB, serA, serC, sfmA, sfsA, sgbE, sgbH, sgbU, sgcA, sgcB, sgcC, sgcE, sgcQ, sgcR, sgcX, sodA, sodB, sohB, speC, spf, spfP, srlA, srlB, srlD, srlE, srlR, sroD, sucA, sucB, sucC, sucD, tam, tdcA, tdcB, tdcC, tdcD, tdcE, tdcF, tdcG, tnaA, tnaB, tnaC, treB, treC, trg, truB, trxA, ubiG, ugpA, ugpB, ugpC, ugpE, ugpQ, uhpT, uhpU, uidA, uidB, uidC, ulaA, ulaB, ulaC, ulaD, ulaE, ulaF, uxaA, uxaB, uxaC, uxuA, uxuB, uxuR, xseA, xylA, xylB, xylE, xylF, xylG, xylH, xylR, xylZ, yaeP, yaeQ, yahN, ybgD, ychH, yehA, yehB, yehC, yehD, yeiW, yfaE, yfcV, ygcW, ygeA, ygeW, yhgH, yiaK, yiaL, yiaM, yiaN, yiaO, yjcH, yjhG, yjhH, yjhI, ykgR, yqeF, yraH, ytfK, zraR, zraS	Dual
CRP-Sxy	1	sxy	Activador
CadC	3	cadA, cadB, cadC	Activador
CaiF	10	caiA, caiB, caiC, caiD, caiE, caiT, fixA, fixB, fixC, fixX	Activador
Cbl	9	ssuA, ssuB, ssuC, ssuD, ssuE, tauA, tauB, tauC, tauD	Activador
CdaR	10	cdaR, garD, garK, garL, garP, garR, gudD, gudP, gudX, rnpB	Activador
CecR	6	cecR, rhlE, ybhF, ybhG, ybhR, ybhS	Dual
ChiX	6	chbC, chiP, chiQ, chiZ, dpiA, dpiB	Represor
CitR	3	citR, ybdM, ybdN	Represor
ComR	1	bhsA	Represor
CpxQ	3	cfa, cpxP, skp	Represor
CpxR	130	acrD, acs, ampH, appC, aroG, ascF, astC, atpB, atpI, bacA, baeR, baeS, bamE, btsT, carA, carB, casA, cbl, chaA, chaB, cheA, cheW, cpxA, cpxP, cpxQ, cpxR, csgA, csgB, csgC, csgD, csgE, csgF, csgG, cspA, cyaR, degP, dgcZ, dgt, dsbA, dsbC, dsbG, eamA, edd, efeU, epmB, ettA, exbB, fabZ, fadE, fadI, fdnG, feaR, fimB, focA, frc, frmB, ftnB, galP, gapC, glsA, gmhA, gpmM, gstA, hcp, hha, inaA, kbp, ldtC, ldtD, lpxA, lpxD, marA, marB, marR, matA, mdtA, mdtB, mdtC, mdtD, metC, motA, motB, motR, mscM, mtn, mzrA, nuoA, ompC, ompF, pdeB, pflB, plsB, ppiA, ppiD, psd, qmcA, rpoE, rpoH, rprA, rseA, rseB, rseC, rseD, sbmA, sdhC, shoB, skp, slt, spy, srkA, tomB, tsr, ung, xylE, yacH, yaiW, yccA, yddG, ydeE, yebE, yfaH, ygjR, yhdJ, yhdW, yibN, yidQ, yjfN, yncE, yqaE, yqjA	Dual
Cra	109	aceA, aceB, aceE, aceF, aceK, acnA, adhE, aroP, betA, betB, betI, betT, crp, csgD, csgE, csgF, csgG, cydA, cydB, cysG, eda, edd, eno, envC, epd, fbaA, fbaB, fbp, fruA, fruB, fruK, fumD, gapA, glcC, gpmM, hypF, icd, lpd, marA, marB, marR, mdtA, metE, mpl, msrB, nikA, nikB, nikC, nikD, nikE, nikR, nirB, nirC, nirD, nrdE, nrdF, nrdH, nrdI, nuoA, nuoB, nuoC, nuoE, nuoF, nuoG, nuoH, nuoI, nuoJ, nuoK, nuoL, nuoM, nuoN, pck, pdeL, pdhR, pfkA, pgk, php, poxB, ppc, ppsA, ppsR, prpB, prpC, prpD, prpE, pykF, raiA, setA, sgrS, sgrT, ssuA, ssuB, ssuC, ssuD, ssuE, tmaR, tpiA, treB, treC, ychE, yeaC, yeaD, yhfS, yhfT, yhfU, yhfW, yhfX, yibQ, zwf	Dual
CreB	16	ackA, cbrA, cbrB, cpdA, creD, malE, malF, malG, malH, nudF, parE, pta, recG, talA, yqiA, yqiB	Dual
CsgD	28	csgA, csgB, csgC, csgD, csgE, csgF, csgG, csgI, dgcC, flgM, flgN, fliA, fliE, fliF, fliG, fliH, fliI, fliJ, fliK, fliZ, iraP, nlpA, pepD, tcyJ, ubiT, wrbA, yccJ, yhbS	Dual
CspA	2	gyrA, hns	Activador
CsqR	5	csqR, yihS, yihT, yihU, yihV	Represor
CsrA	16	gadA, gadB, gadC, gadE, idlP, iraD, moaA, moaB, moaC, moaD, moaE, rpoE, ydeO, ymdA, ytiC, ytiD	Dual
CueR	9	copA, cueO, moaA, moaB, moaC, moaD, moaE, rmf, rsd	Dual
CusR	14	cusA, cusB, cusC, cusF, cusR, cusS, cyoA, cyoB, cyoC, cyoD, cyoE, hiuH, msrP, msrQ	Activador
CyaR	9	hdeD, luxS, nadE, ompX, rpoS, yacL, yliM, yobF, yqaE	Represor
CynR	4	cynR, cynS, cynT, cynX	Dual
CysB	33	ariR, cbl, cysA, cysB, cysC, cysD, cysH, cysI, cysJ, cysK, cysM, cysN, cysP, cysU, cysW, dgcZ, hslJ, ssuA, ssuB, ssuC, ssuD, ssuE, tauA, tauB, tauC, tauD, tcyJ, tcyP, ybdN, yciW, yfbR, ygeH, yoaC	Dual
CytR	14	aphA, cdd, cytR, deoA, deoB, deoC, deoD, nupC, nupG, ppiA, rpoH, tsx, udp, ycdZ	Represor
Dan	4	ttdA, ttdB, ttdR, ttdT	Activador
DcuR	13	aspA, aspX, dctA, dcuA, dcuB, dpiA, dpiB, frdA, frdB, frdC, frdD, fumB, pck	Activador
DeaD	1	ldtD	Activador
DecR	2	cyuA, cyuP	Activador
DeoR	6	deoA, deoB, deoC, deoD, nupG, tsx	Represor
DgoR	5	dgoA, dgoD, dgoK, dgoR, dgoT	Represor
DhaR	4	dhaK, dhaL, dhaM, dhaR	Dual
DicA	9	dicA, dicB, dicC, insD7, intQ, ydfD, ydfE, ydfW, ydfX	Dual
DicD	3	dicA, dicB, dicC	Represor
DicF	4	ftsZ, manX, pykA, xylR	Represor
DinJ-YafQ	3	cspE, dinJ, yafQ	Represor
DksA	158	alaT, alaU, alaV, argI, csrA, csrB, csrC, dksA, dnaG, dsrA, dusB, fabD, fabG, fabH, fadR, fimB, fis, flu, folK, fusA, gltT, gltU, gltV, gltW, gluQ, hisA, hisB, hisC, hisD, hisF, hisG, hisH, hisI, hisL, hlyE, hmp, idlP, ihfA, ihfB, ileT, ileU, ileV, infC, iraD, iraP, isrC, livJ, mutM, obgE, pcnB, pheM, pheS, pheT, recG, rimM, rplA, rplB, rplC, rplD, rplE, rplF, rplJ, rplK, rplL, rplM, rplN, rplO, rplP, rplQ, rplR, rplS, rplT, rplU, rplV, rplW, rplX, rplY, rpmA, rpmB, rpmC, rpmD, rpmG, rpmI, rpmJ, rpoA, rpoB, rpoC, rpoD, rpoE, rpoS, rpoZ, rpsA, rpsC, rpsD, rpsE, rpsG, rpsH, rpsI, rpsJ, rpsK, rpsL, rpsM, rpsN, rpsP, rpsQ, rpsS, rpsT, rpsU, rrfA, rrfB, rrfC, rrfD, rrfE, rrfF, rrfG, rrfH, rrlA, rrlB, rrlC, rrlD, rrlE, rrlG, rrlH, rrsA, rrsB, rrsC, rrsD, rrsE, rrsG, rrsH, rseA, rseB, rseC, rybB, secY, setA, sgrR, sgrS, sgrT, spoT, sroA, talA, thiB, thiP, thiQ, thrA, thrB, thrC, thrL, thrS, thrV, tktB, trmD, trmH, tufA, yhbE, ytiC, ytiD	Dual
DnaA	12	aldA, guaA, guaB, idlP, iraD, polA, recN, rpoH, uvrB, yjeV, ytiC, ytiD	Dual
DpiA	11	appY, citC, citD, citE, citF, citG, citX, dpiA, dpiB, exuT, mdh	Dual
DsdC	1	dsdA	Activador
DsrA	10	hns, lrp, rbsA, rbsB, rbsC, rbsD, rbsK, rbsR, rbsZ, rpoS	Dual
EbgR	2	ebgA, ebgC	Represor
EnvR	2	acrA, acrB	Represor
EnvY	2	ompC, ompF	Activador
EvgA	21	G7121, acrD, emrK, emrY, evgA, evgL, evgS, frc, gadE, gadF, mdtE, mdtF, oxc, safA, ydeO, ydeP, yegR, yegZ, yfdE, yfdV, yfdX	Activador
ExuR	10	exuR, exuT, lgoD, lgoR, uxaA, uxaB, uxaC, uxuA, uxuB, uxuR	Represor
FNR	310	ackA, acnA, acrE, acrF, adhE, aer, aldA, ansB, argK, aroP, aspA, aspX, b0725, bcsB, bcsZ, bidA, cadC, caiA, caiB, caiC, caiD, caiE, caiF, caiT, ccmA, ccmB, ccmC, ccmD, ccmE, ccmF, ccmG, ccmH, ccp, cheB, cheR, cheY, cheZ, citC, citD, citE, citF, citG, citX, cydC, cydD, cyoA, cyoB, cyoC, cyoD, cyoE, cysG, dcuA, dcuB, dcuC, dcuR, dcuS, dmsA, dmsB, dmsC, dmsD, dpiA, dpiB, dppA, dppB, dppC, dppD, dppF, emrK, emrY, entF, fdhF, feoA, feoB, feoC, fepE, fes, fhlA, fixA, fixB, fixC, fixX, fnrS, focA, focB, frdA, frdB, frdC, frdD, fumA, fumB, fumC, gadA, gadW, gadX, gapC, garD, garK, garL, garP, garR, gcvH, gcvP, gcvT, gdhA, glpA, glpB, glpC, glpQ, glpT, gltB, gltD, gltF, gnd, gndA, hcp, hcr, hemA, hlyE, hmp, hyfA, hyfB, hyfC, hyfD, hyfE, hyfF, hyfG, hyfH, hyfI, hyfJ, hyfR, hypB, hypC, hypD, hypE, idlP, iraD, iraM, katG, malP, malQ, metV, mltA, moaA, moaB, moaC, moaD, moaE, moeA, moeB, msrB, nac, napA, napB, napC, napD, napF, napG, napH, narG, narH, narI, narJ, narK, narL, narS, narX, ndh, nfeR, nikA, nikB, nikC, nikD, nikE, nikR, nirB, nirC, nirD, norV, norW, nrdD, nrdG, nrfA, nrfB, nrfC, nrfD, nrfE, nrfF, nrfG, nuoA, nuoB, nuoC, nuoE, nuoF, nuoG, nuoH, nuoI, nuoJ, nuoK, nuoL, nuoM, nuoN, ompX, ortT, pdeF, pepT, pflB, pheM, phoU, pitA, poxB, prfA, prmC, pstA, pstB, pstC, pstS, purM, purN, puuA, puuP, pykA, ravA, rimM, rnpB, rplB, rplC, rplD, rplM, rplP, rplS, rplT, rplV, rplW, rpmC, rpsC, rpsI, rpsJ, rpsP, rpsQ, rpsS, scpA, scpB, scpC, sdhA, sdhB, sdhC, sdhD, sdhX, sodA, soxR, soxS, ssuA, ssuB, ssuC, ssuD, ssuE, sucA, sucB, sucC, sucD, tap, tar, tdcA, tdcB, tdcC, tdcD, tdcE, tdcF, tdcG, thrA, tpx, trmD, ubiA, ubiC, ung, upp, uraA, uxaA, uxaC, viaA, xdhA, xdhB, xdhC, ybdN, ybdZ, ycaC, ychO, ydeJ, ydfO, ydfZ, ydhT, ydhU, ydhV, ydhW, ydhX, ydhY, yecR, yeiL, yfcZ, yffS, ygbA, yibN, ymjE, ynfE, ynfF, ynfG, ynfH, ysgA, ytfE, zwf	Dual
FabR	2	fabA, fabB	Represor
FadR	23	accA, accB, accC, accD, fabA, fabB, fabD, fabG, fabH, fabI, fadA, fadB, fadD, fadE, fadH, fadI, fadJ, fadL, fadM, fadR, iclR, sroD, uspA	Dual
FeaR	2	feaB, tynA	Activador
FhlA	30	fdhF, fhlA, focB, hycA, hycB, hycC, hycD, hycE, hycF, hycG, hycH, hycI, hydN, hyfA, hyfB, hyfC, hyfD, hyfE, hyfF, hyfG, hyfH, hyfI, hyfJ, hyfR, hypA, hypB, hypC, hypD, hypE, hypF	Activador
FimR2	5	fliG, fliI, fliJ, fliR, hofQ	Dual
FimZ	5	puuB, puuC, puuD, sfmA, sfmC	Activador
Fis	242	acnB, acs, actP, adhE, alaT, alaU, alaV, alaW, alaX, aldB, ansB, apaG, apaH, argU, argW, argX, aspV, bglB, bglF, bglG, carA, carB, cbpA, cbpM, crp, cspA, cspI, cyoA, cyoB, cyoC, cyoD, cyoE, cysG, deoA, deoB, deoC, deoD, dmsA, dmsB, dmsC, dnaA, dnaN, dps, dusB, fadA, fadB, fimA, fimC, fimD, fimF, fimG, fimH, fimI, fimR2, fis, flxA, fumB, gadA, gadB, gadC, gadX, glcC, glnA, glnG, glnL, glnQ, glnU, glnV, glnW, glnX, glnZ, glpA, glpB, glpC, glpQ, glpT, gltT, gltU, gltV, gltW, gltX, glyT, glyU, grcA, guaA, guaB, gyrA, gyrB, hisR, hlyE, hns, hupA, hupB, hyaA, hyaB, hyaC, hyaD, hyaE, hyaF, ileT, ileU, ileV, infB, katE, leuP, leuQ, leuT, leuV, leuW, leuX, lpd, lysT, lysV, lysW, malE, malF, malG, malH, marA, marB, marR, mazE, mazF, mazG, metT, metU, metY, mglA, mglC, msrA, mtlA, mtlD, mtlR, nanA, nanE, nanK, nanQ, nanT, narG, narH, narI, narJ, narK, narS, nirB, nirC, nirD, nrdA, nrdB, nrfA, nrfB, nrfC, nrfD, nrfE, nrfF, nrfG, nuoA, nuoB, nuoC, nuoE, nuoF, nuoG, nuoH, nuoI, nuoJ, nuoK, nuoL, nuoM, nuoN, nusA, ogt, osmE, osmY, pdxA, pflB, pheU, pheV, pnp, proK, proL, proM, proP, pyrD, queA, rbfA, recF, rimP, rplM, rpsI, rpsO, rrfA, rrfB, rrfC, rrfD, rrfE, rrfF, rrfG, rrfH, rrlA, rrlB, rrlC, rrlD, rrlE, rrlG, rrlH, rrsA, rrsB, rrsC, rrsD, rrsE, rrsG, rrsH, rsmA, serT, serX, sra, thrT, thrU, thrV, thrW, tolB, tpr, trg, trmA, truB, tufB, tyrT, tyrU, tyrV, valT, valU, valX, valY, xylF, xylG, xylH, xylR, yeaR, yfaE, yjcH, yoaG, yodD	Dual
FlhDC	93	aceB, adhE, ccmA, ccmB, ccmC, ccmD, ccmE, ccmF, ccmG, ccmH, clsC, csgC, epd, flgA, flgB, flgC, flgD, flgE, flgF, flgG, flgH, flgI, flgJ, flgM, flgN, flhA, flhB, flhE, fliA, fliD, fliE, fliF, fliG, fliH, fliI, fliJ, fliK, fliL, fliM, fliN, fliO, fliP, fliQ, fliR, fliS, fliT, fliZ, fruB, glpA, glpB, glpC, gltI, gltJ, gltK, gltL, hydN, hypF, iclR, mdh, mglA, mglB, mglC, napA, napB, napC, napD, napF, napG, napH, nfrB, nrfA, nrfB, nrfC, nrfD, nrfE, nrfF, nrfG, pdeH, pfkA, ppdA, ppdB, ppdC, ptsH, recC, setB, sroC, tcyJ, ycgR, yecR, ygbK, ygdB, ymdA, ymdB	Dual
FliX	12	fliC, rplB, rplC, rplD, rplP, rplV, rplW, rpmC, rpsC, rpsJ, rpsQ, rpsS	Represor
FliZ	22	csgA, csgB, csgC, csgD, csgE, csgF, csgG, flhC, flhD, gadB, gadC, gadE, gadF, hdeA, hdeB, mdtE, mdtF, mlrA, osmY, pdeR, yhiD, yjbJ	Represor
FnrS	20	azuC, azuR, cydC, cydD, folE, folX, glpD, gpmA, iscR, maeA, marA, metE, sodA, sodB, yebY, yebZ, yeiB, yfcH, yieP, yobA	Represor
FrlR	5	frlA, frlB, frlC, frlD, frlR	Represor
FrmR	3	frmA, frmB, frmR	Represor
FucR	7	fucA, fucI, fucK, fucO, fucP, fucR, fucU	Activador
Fur	269	acnA, actP, adhP, adk, ansB, araB, araF, argF, argG, argR, aspC, b0725, bfd, bfr, bglJ, bssR, cadC, cirA, cusC, cyoA, cyoB, cyoC, cyoD, cyoE, dapB, dinB, dkgA, dmsA, dmsB, dmsC, dppB, dppC, dppD, dppF, eamA, efeB, efeO, efeU, entA, entB, entC, entD, entE, entF, entH, erpA, esrE, exbB, exbD, fecA, fecB, fecC, fecD, fecE, fecI, fecR, feoA, feoB, feoC, fepA, fepB, fepC, fepD, fepE, fepG, fes, fhuA, fhuB, fhuC, fhuD, fhuE, fhuF, fiu, flgL, flhC, flhD, fnr, ftnA, ftnB, fumB, fumC, fur, garK, garL, garP, garR, glnD, glnG, glnL, glpF, glpK, gltB, gltD, gltF, gnd, gndA, gpmA, gpr, grcA, grxB, gspC, gspD, gspE, gspF, gspG, gspH, gspI, gspJ, gspK, gspL, gspM, gspO, hcaR, hmp, hscA, hybO, katE, katG, leuD, lysP, maeB, manX, manY, manZ, map, mdh, mdtL, metH, metJ, mglB, mntH, mntP, mntS, moaA, mocA, mqo, nac, narQ, narU, ndh, nfeF, nfeR, nohA, nrdE, nrdF, nrdH, nrdI, nth, ompF, ompW, oppA, oppB, oppC, oppD, ortT, paaA, paaB, paaC, paaD, paaE, paaF, paaG, paaH, paaI, paaJ, paaK, pdeF, pepE, phoH, pqqU, pstB, punC, purL, purR, pyrC, qorA, rcnA, rcnB, recN, rimK, rimO, rmf, rmuC, rnpB, rpoS, rsd, rsxA, rsxB, rsxC, rsxD, rsxE, rsxG, ryhB, sdhX, sdiA, selO, serS, sodA, soxR, soxS, sseB, stfQ, sucA, sucB, sucC, sucD, sufA, sufB, sufC, sufD, sufE, sufS, sulA, tauA, tauB, tauC, tcyN, tfaQ, tisB, tqsA, tsx, udp, ugpA, ugpB, ugpE, uxaB, uxaC, uxuA, uxuB, waaL, xynR, ybaN, ybdZ, ybiU, ybiX, ycgR, yciI, ydcF, yddA, yddB, ydeN, ydiE, yejG, yfcV, ygaC, yghF, yghW, yhcC, yhhY, yhjE, yihN, yihX, yjbJ, yjcH, yjiR, yjiT, yjjZ, yncE, ynfD, yobD, yoeA, yojI, yqeB, yqeC, yqhD, yrbL, zapB, zinT, zwf	Dual
GadE	34	cyoA, cyoB, cyoC, cyoD, cyoE, fabZ, fliC, fliX, gadB, gadC, gadE, gadF, gadW, gadX, gltB, gltD, gltF, gnd, gndA, hdeA, hdeB, hdeD, lpxA, lpxD, lrp, mdtE, mdtF, purA, rcsA, skp, yhiD, yhiM, yjbQ, yjbR	Activador
GadRcs	9	adiC, aslB, cadA, cadB, dctR, gadA, gadX, slp, yhiM	Activador
GadW	8	dctR, gadE, gadF, gadW, gadY, mdtE, mdtF, slp	Dual
GadX	30	amtB, asnB, btuB, cadA, cadB, dctR, dtpA, gadA, gadB, gadC, gadE, gadF, gadX, gadY, glnK, glsA, hdeD, hns, lon, mdtE, mdtF, murI, rpoS, slp, speG, uspE, ybaT, ydeM, ydeN, ynfB	Dual
GadY	2	gadW, gadX	Activador
GalR	6	galP, galR, galS, mglA, mglB, mglC	Represor
GalS	6	galP, galR, galS, mglA, mglB, mglC	Represor
GatR	6	gatA, gatB, gatC, gatD, gatY, gatZ	Represor
GcvA	2	gcvA, gcvB	Dual
GcvB	60	acs, aroC, aroP, asd, asnA, asnB, csgD, csgE, csgF, csgG, cstA, cycA, dppA, dppB, dppC, dppD, dppF, gdhA, gltP, hisQ, icd, ilvB, ilvD, ilvL, ilvM, inaA, ivbL, kgtP, lrp, map, mltC, nlpA, oppA, oppB, oppC, oppD, oppF, oxyR, panD, phoP, phoQ, purU, rbn, rbsA, rbsB, rbsC, rbsD, rbsK, rbsR, rbsZ, sstT, tcyJ, trpA, trpB, trpC, trpD, trpE, trpL, ydeE, ysgA	Dual
GlaR	120	alaE, apt, aroB, aroP, baeS, bdcA, bdcR, bssS, cadC, casA, chaA, chaB, chaC, csgI, cysN, cysS, dctR, dgcN, dinQ, elfC, fhuE, gabD, gabP, gabT, gadW, gadX, gcvA, gdhA, glaH, gltF, hinT, htrE, hxpA, idnD, idnK, inaA, kdgT, kdsA, ldcC, lhgD, lsrG, mglA, mrdA, murD, nlpA, orn, oxc, pdeG, pdhR, pdxA, phoH, pliG, ppiB, ppx, priC, prmC, rfbB, rhsD, rpiB, rpsF, rsgA, rssB, safA, sgcC, smg, tam, tar, tehA, ttdA, ttdR, yadN, ybaN, ycbU, ycbV, yccU, ycgJ, ycgV, ycgY, ychQ, yciU, ycjP, ydcK, ydeO, ydfI, ydfK, ydhS, yeaE, yehD, yehE, yehS, yfbN, yfbO, yfbU, yfcO, yfcV, yfdC, yfdV, yfiL, yfiR, yfjD, ygiV, ygiW, ygjI, yhcD, yidB, yigG, yihD, yihM, yjdP, yjfY, yjjP, yjjQ, ynaE, ynjH, yobD, yodB, ypdC, ypjA, yqhC, zraR	Dual
GlcC	7	glcA, glcB, glcC, glcD, glcE, glcF, glcG	Dual
GlmZ	2	glmS, glmU	Activador
GlnZ	2	glnP, sucA	Represor
GlpR	9	glpA, glpB, glpC, glpD, glpF, glpK, glpQ, glpT, glpX	Represor
GlrR	6	glmY, rpoE, rseA, rseB, rseC, rseD	Activador
GntR	12	eda, edd, gntK, gntT, gntU, idnD, idnK, idnO, idnR, idnT, nfuA, yhgH	Represor
GutM	7	gutM, gutQ, srlA, srlB, srlD, srlE, srlR	Activador
H-NS	239	acrE, acrF, adeD, adiA, adiC, adiY, alaU, alaV, appY, ascF, ascG, asr, bglB, bglF, bglG, bglJ, bluF, bolA, cadA, cadB, cadC, caiA, caiB, caiC, caiD, caiE, caiF, caiT, cas1, cas2, casA, casB, casC, casD, casE, cbpA, cdgI, chiA, cmoM, csgD, csgE, csgF, csgG, csiE, cspA, cspD, cycA, cydA, cydB, cysA, cysG, cysM, cysP, cysU, cysW, dctR, ddlA, degP, dgcJ, dgcT, dgcZ, dosC, dps, elfA, entF, evgA, evgL, evgS, fau, fepE, fes, fimA, fimB, fimC, fimD, fimE, fimF, fimG, fimH, fimI, fimR2, flhC, flhD, fliA, fliC, fliX, fliZ, ftnA, fucA, gabD, gabP, gabT, gadA, gadB, gadC, gadE, gadF, gadW, gadX, galE, galK, galM, galT, garK, garL, garP, garR, glaH, gltT, gltU, gltW, glvC, gspA, gspB, gspC, gspD, gspE, gspF, gspG, gspH, gspI, gspJ, gspK, gspL, gspM, gspO, gutM, gutQ, hchA, hdeA, hdeB, hdeD, hdfR, hisJ, hisM, hisP, hisQ, hns, hprR, ileU, ileV, ilvH, ilvI, iraP, lacA, lacY, lacZ, leuO, lhgD, lrp, malE, malF, malG, malH, mazE, mazF, mdtE, mdtF, mdtI, mdtJ, mdtU, micF, mukB, mukE, mukF, nhaA, nhaR, nirB, nirC, nirD, nrdA, nrdB, nrdD, nrdG, osmC, oxc, pagP, pdeC, pdeF, pdeG, pdeI, pdeL, proV, proW, proX, rcsA, rcsB, rcsD, relA, rflP, rnpB, rrfB, rrfC, rrfD, rrfF, rrfG, rrfH, rrlB, rrlC, rrlD, rrlG, rrlH, rrsB, rrsC, rrsD, rrsG, rrsH, sfmA, slp, srlA, srlB, srlD, srlE, srlR, ssrS, stpA, tcyJ, thrV, ttdR, yadC, ybdZ, ybgD, yciE, yciF, yciG, ydcC, ydeO, ydeP, yehA, yehB, yehC, yehD, yfaE, yfcV, yhiD, yhiM, yjjP, yjjQ, yraH	Dual
HU	9	galE, galK, galM, galT, micF, mtr, pgm, seqA, tyrP	Dual
HcaR	7	hcaB, hcaC, hcaD, hcaE, hcaF, hcaR, iroK	Dual
HdfR	6	flhC, flhD, gltB, gltD, gltF, maoP	Dual
Hfq	6	cirA, hpf, manX, mutS, oppA, ptsN	Dual
HicB	2	hicA, hicB	Represor
HigA	2	higA, higB	Represor
HigBA	2	higA, higB	Represor
HipAB	5	hipA, hipB, mazE, mazF, relA	Represor
HipB	8	eutA, eutH, fadH, hipA, hipB, mazE, mazF, relA	Represor
HprR	14	cusA, cusB, cusC, cusF, cusR, cusS, cyoA, cyoB, cyoC, cyoD, cyoE, hiuH, msrP, msrQ	Dual
HyfR	12	focB, hyfA, hyfB, hyfC, hyfD, hyfE, hyfF, hyfG, hyfH, hyfI, hyfJ, hyfR	Activador
HypT	13	cydA, cydB, cysH, fecA, fecB, fecC, fecD, fecE, metB, metI, metL, metN, metQ	Dual
IHF	207	aceA, aceB, aceK, acs, actP, adiA, amiA, atoA, atoB, atoD, atoE, csgD, csgE, csgF, csgG, csrB, cycA, cysH, cysI, cysJ, dcuD, dmsA, dmsB, dmsC, dppA, dppB, dppC, dppD, dppF, dps, dusB, envZ, fhlA, fimA, fimB, fimC, fimD, fimF, fimG, fimH, fimI, fimR2, fis, flhC, flhD, fliA, fliZ, fnr, focA, folA, gcd, glcA, glcB, glcD, glcE, glcF, glcG, glmY, glnH, glnP, glnQ, glpQ, glpT, gltA, gltB, gltD, gltF, hemA, hemF, hipA, hipB, hpt, htrE, hycA, hycB, hycC, hycD, hycE, hycF, hycG, hycH, hycI, hypA, hypB, hypC, hypD, hypE, ibpB, icd, ihfA, ihfB, lyxK, micF, mtr, narG, narH, narI, narJ, narK, narS, ndh, nmpC, nuoA, nuoB, nuoC, nuoE, nuoF, nuoG, nuoH, nuoI, nuoJ, nuoK, nuoL, nuoM, nuoN, ompC, ompR, osmE, osmY, paaA, paaB, paaC, paaD, paaE, paaF, paaG, paaH, paaI, paaJ, paaK, paaZ, pflB, phoU, plaR, prfA, prmC, proV, proW, proX, pspA, pspB, pspC, pspD, pspE, pspG, pspH, pstA, pstB, pstC, pstS, rpoE, rpoH, rseA, rseB, rseC, rseD, rtcA, rtcB, sdhX, sgbE, sgbH, sgbU, sodA, sodB, sra, sucA, sucB, sucC, sucD, sufA, sufB, sufC, sufD, sufE, sufS, tcyJ, tdcA, tdcB, tdcC, tdcD, tdcE, tdcF, tdcG, tyrP, ubiA, ubiC, ulaA, ulaB, ulaC, ulaD, ulaE, ulaF, ulaG, uspA, uspB, yadV, yeiL, yiaK, yiaL, yiaM, yiaN, yiaO, yjbE, yjbF, yjbG, yjbH, yjcH	Dual
IclR	4	aceA, aceB, aceK, iclR	Represor
IdnR	7	gntK, gntU, idnD, idnK, idnO, idnR, idnT	Dual
IlvY	2	ilvC, ilvY	Dual
IscR	33	erpA, hyaA, hyaB, hyaC, hyaD, hyaE, hyaF, iscA, iscR, iscS, iscU, napA, napB, napC, napD, napF, napG, napH, nfuA, nrdE, nrdF, nrdH, nrdI, rnlA, rnlB, selO, sufA, sufB, sufC, sufD, sufE, sufS, torT	Dual
IstR-1	1	tisB	Represor
KdgR	2	eda, edd	Represor
KdpE	9	adeP, kdpA, kdpB, kdpC, kdpF, rmf, rsd, uxaA, uxaC	Dual
LacI	3	lacA, lacY, lacZ	Represor
LeuO	23	bglB, bglF, bglG, bglJ, cadC, cas1, cas2, casA, casB, casC, casD, casE, dsrA, gltF, leuA, leuB, leuC, leuD, leuL, ybeQ, yghR, yghS, yjjQ	Dual
LexA	63	cho, ddlB, dinB, dinD, dinF, dinG, dinI, dinJ, dinQ, dnaG, ftsA, ftsI, ftsK, ftsL, ftsO, ftsQ, ftsW, ftsZ, hokE, insK, lexA, lpxC, mraY, murC, murD, murE, murF, murG, phr, polB, ptrA, recA, recB, recD, recN, recQ, recX, rpoD, rpsU, ruvA, ruvB, sbmC, ssb, sulA, symE, tisB, umuC, umuD, uvrA, uvrB, uvrC, uvrD, uvrY, yafN, yafO, yafP, yafQ, ybfE, ybiB, ydjM, yebG, yehF, yoaA	Represor
LldR	8	fadE, fadL, gadW, gadY, glcD, lpxP, yfdY, yhcO	Activador
LrhA	5	fimE, flhC, flhD, leuO, lrhA	Dual
Lrp	310	aceB, aer, aidB, alaS, alaT, alaU, alaV, amiC, aphA, arcB, argA, argO, argS, argT, asnA, asnB, aspC, aspS, atpA, atpH, bipP, borD, brnQ, bssS, btuE, cadA, cadB, can, cbl, chbG, clpP, clpS, cpoB, creA, cycA, cydC, cysB, dadX, deaD, dedA, deoB, dgcJ, dgcQ, dgcZ, dhaK, dtpA, dtpB, eco, emrD, eno, eptB, exbB, fadL, fau, fimA, fimC, fimD, fimE, fimF, fimG, fimH, fimI, fimR2, frdA, frdB, ftsQ, fumA, gabD, gabP, gabT, gadB, gadY, gcvH, gcvP, gdhA, glaH, glgC, glnA, glnH, glnK, glnL, glnQ, gltB, gltD, gltF, gltP, gltT, gltU, gltV, gltW, gpt, groS, hdeA, hdeB, hlyE, hpf, hspQ, htrE, ibpA, ibpB, ileT, ileU, ileV, ilvA, ilvD, ilvE, ilvG, ilvM, ilvX, insC5, insH3, intZ, iraD, iraP, ldhA, leuE, leuL, lhgD, lipA, livF, livG, livH, livM, lolA, lolC, lpxL, lrhA, lrp, lysU, malT, manA, menA, metH, metK, metT, micF, mnmA, modA, mqo, msbA, mscK, mscS, mtr, mutY, nac, napF, nuoA, nusB, ompC, ompT, oppA, oppB, oppC, oppD, oppF, osmY, pabB, pal, pepD, pgl, phoA, phoH, pncB, pntA, polA, ppk, ppsA, prlF, proP, pspG, ptsN, purT, pyrI, qseB, radD, rdcA, relA, rhtB, ribE, rlmE, rpiA, rpiB, rplF, rpoN, rpsH, rrfA, rrfB, rrfC, rrfD, rrfE, rrfF, rrfG, rrfH, rrlA, rrlB, rrlC, rrlD, rrlE, rrlG, rrlH, rrsA, rrsB, rrsC, rrsD, rrsE, rrsG, rrsH, rsd, rseA, sad, sdaA, sdaC, serB, serS, slyX, soxS, sroH, ssrS, sstT, sthA, stpA, sulA, tdh, thiC, thrL, thrV, topA, treA, trhO, trxB, ubiA, upp, uspE, wecB, yaaX, yabQ, yacL, yaeQ, yagU, yaiY, ybdF, ybdG, ybdL, ybeX, ybgA, ybiI, ybiJ, ybiO, ybiT, ybjN, ybjS, ybjX, ycaM, yceB, ycfJ, ychE, yciN, yciT, yciZ, ydcK, ydcL, ydeE, ydeN, ydgH, ydhQ, yeaE, yeaG, yebF, yehL, yeiL, yfaP, yfcC, yfcZ, yfiB, yhbY, yhcN, yhdN, yhdV, yhdW, yhhA, yhiD, yhiM, yhjE, yhjR, yiaG, yibL, yibT, yicH, yiiM, yjbJ, yjbQ, yjbR, yjeH, yjeM, yjfP, yjiC, ykgE, ynjH, yoaH, yodC, yoeG, yojI, yqeF, yqeG, ytfK, ytjB, yzgL, zipA, zitB, zntR	Dual
LsrR	9	lsrA, lsrB, lsrC, lsrD, lsrF, lsrG, lsrK, lsrR, tam	Represor
LysR	2	lysA, lysR	Dual
MalH	1	ompC	Represor
MalI	3	malI, malX, malY	Represor
MalT	11	lamB, malE, malF, malG, malH, malK, malM, malP, malQ, malS, malZ	Activador
MarA	60	acnA, acrA, acrB, acrZ, aldA, ariR, dapD, dctR, decR, fpr, fumC, glnD, hdeA, hdeB, inaA, lacA, lacY, lacZ, lpxC, lpxL, map, marA, marB, marR, mdaB, micF, mlaB, mlaC, mlaD, mlaE, mlaF, nfo, nfsA, nfsB, pbpG, poxB, pqiA, pqiB, pqiC, purA, putA, rimK, rob, slp, sodA, tolC, waaY, waaZ, xseA, ybjC, ybjN, ycgZ, ygiB, ygiC, yhbW, yhiD, ymgA, ymgC, yncE, zwf	Dual
MarR	3	marA, marB, marR	Represor
MatA	9	ecpA, flhC, flhD, fliA, fliC, fliX, fliZ, matA, tcyJ	Dual
MazE	3	mazE, mazF, mazG	Represor
MazEF	3	mazE, mazF, mazG	Represor
McaS	6	csgD, csgE, csgF, csgG, flhC, flhD	Dual
McbR	6	mcbA, rmf, rsd, yciE, yciF, yciG	Dual
MetJ	15	ahpC, ahpF, folE, metA, metB, metC, metE, metF, metI, metK, metL, metN, metQ, metR, yeiB	Represor
MetR	4	hmp, metE, metH, metR	Dual
MgrR	4	eptB, pitA, soxS, ygdQ	Represor
MhpR	6	mhpA, mhpB, mhpC, mhpD, mhpE, mhpF	Activador
MicA	18	cpoB, ecnB, fimB, gloA, lamB, ldtC, lpxT, ompA, ompW, ompX, pal, phoP, phoQ, tolB, tsx, yfeK, ygiM, yliM	Represor
MicC	1	ompC	Represor
MicF	7	cpxA, cpxR, lrp, ompF, oppA, phoE, tcyJ	Dual
MicL	1	lpp	Represor
Mlc	10	bidA, crr, malT, manX, manY, manZ, mlc, ptsG, ptsH, ptsI	Represor
MlrA	10	cadC, csgD, csgE, csgF, csgG, ibaG, obgE, rplU, rpmA, yhbE	Activador
MngR	3	mngA, mngB, mngR	Represor
MntR	5	dps, mntH, mntP, mntS, rybA	Dual
ModE	46	ccmA, ccmB, ccmC, ccmD, ccmE, ccmF, ccmG, ccmH, deoA, deoB, deoC, deoD, dmsA, dmsB, dmsC, hycA, hycB, hycC, hycD, hycE, hycF, hycG, hycH, hycI, moaA, moaB, moaC, moaD, moaE, modA, modB, modC, napA, napB, napC, napD, napF, napG, napH, narL, narX, oppA, oppB, oppC, oppD, oppF	Dual
MotR	12	fliC, rplB, rplC, rplD, rplP, rplV, rplW, rpmC, rpsC, rpsJ, rpsQ, rpsS	Activador
MprA	6	acrA, acrB, emrA, emrB, mprA, nmpC	Represor
MqsA	13	csgD, csgE, csgF, csgG, cspD, lfgA, lfgB, mqsA, mqsR, rpoS, yfjZ, ypjF, ypjJ	Represor
MraZ	18	ddlB, ftsA, ftsI, ftsL, ftsO, ftsQ, ftsW, ftsZ, lpxC, mioC, mraY, mraZ, murC, murD, murE, murF, murG, rsmH	Represor
MurR	2	murP, murQ	Represor
Nac	529	abgA, abgR, abpA, aceB, ackA, acrE, ahpC, alaC, allR, allW, amiB, amn, ampD, ansB, ansP, araE, araF, argO, argU, aroD, aroE, aroF, asnA, asnC, asnT, asnV, bfd, bfr, bglB, bglH, bglX, bidA, bisC, blc, bssS, caiF, cbrB, cbrC, ccmA, ccmB, ccmH, cdaR, cfa, cheA, cho, chpS, cmtA, cmtB, cobT, cobU, codA, codB, cpdB, csiE, cspC, curA, cycA, cynR, cynT, cysJ, cysQ, cysS, dadA, dapB, dcm, dcp, dcyD, ddlA, ddpC, deoR, dgcT, dhaK, dhaR, dinJ, dkgA, dld, dnaA, dpaA, dsbA, dsbG, eamA, ecnA, ecnB, elfA, elfG, emrK, eptA, eutS, evgA, exuT, fcl, fdhD, fdoG, feaB, fepE, fhuF, fklB, fliC, fliD, ftnB, fucA, fumD, gabD, gabP, gabT, gadE, gadX, gcvT, gdhA, glaR, glcA, glnD, glpK, gltA, gltB, gltD, gltP, glxK, gmd, gmk, gor, greB, groS, gspG, gspH, gspM, gspO, gudX, hcaE, hcaR, hchA, hemB, hemH, hemN, hfq, hofC, holE, hprR, htpG, htpX, htrE, hupA, hxpB, iaaA, ibpA, icd, ileY, ilvL, ilvN, infA, insK, intD, iraP, ispB, ispD, ivy, katG, kbaY, kbl, kdgR, kdsA, kduI, lapC, lepA, lepB, leuL, leuO, leuU, ligB, livH, livK, livM, lpxH, lrp, lysA, lysP, lysR, lysU, macA, malI, malY, map, marR, mcbA, mcrB, mdtF, mdtG, metE, metR, metY, mglA, mglB, mgtS, micC, mioC, mnmG, mntH, moaB, moaC, mobA, moeA, mreC, mscL, msrA, mtfA, nac, nadC, nadD, nanK, napB, napC, narK, narX, nfrB, nlpE, nrdG, nrfF, nrfG, nudC, nudG, nusA, nusB, ompA, ompN, ompR, ompT, oppA, oppC, ortT, osmB, osmY, pabC, patD, pdeC, pdeF, pdeL, pdxK, pfkB, pgaA, phoB, phoH, pinQ, pinR, pitB, pldA, pntA, pntB, polA, ppc, ppdC, pphB, ppiB, ppnN, prfC, prmB, pstC, pstS, ptrA, pyrB, pyrL, queD, queF, rcsA, rep, rfaH, rfbB, rfbC, rflP, rhtA, rimP, rlmF, rlmM, rluE, rnlB, rplU, rpmH, rpoZ, rsd, rsmF, rutB, sbcD, scpB, sdaA, sdhA, sdhB, sdhC, sdhD, sdiA, secG, selC, serA, shiA, shoB, sibA, sibE, spf, srlR, srsR, ssuE, stfR, tauA, tdcA, tdcR, tfaQ, tfaR, tff, thiL, thrS, tnaA, tnaB, tnaC, tolB, tomB, torA, torI, trxB, ubiA, ubiT, ubiU, ugd, uhpA, uspA, uspC, uspG, uvrY, uxaC, waaF, waaG, wcaE, wcaF, wecH, wrbA, wza, wzb, wzc, wzzE, xapR, xdhA, yadC, yadM, yaeF, yafC, yafN, yafO, yafQ, yafV, yagU, yaiS, yaiY, yaiZ, yajD, yajO, ybaL, ybbC, ybcK, ybcV, ybdR, ybeQ, ybeR, ybeT, ybeU, ybfC, ybgC, ybgE, ybhD, ybhH, ybhI, ybhM, ybjP, ybjX, ycaC, ycaD, ycaK, ycaN, yccM, ycgB, ycgJ, ycgV, ycgX, ychA, yciZ, ydaT, ydaU, ydcI, ydcS, ydcT, ydcU, ydcV, ydcY, ydcZ, ydeE, ydeP, ydeQ, ydfK, ydfR, ydgH, ydiB, ydiL, ydiM, ydiO, ydiP, ydiY, yebQ, yecD, yecE, yecF, yedL, yeeZ, yegH, yegL, yegR, yehE, yeiE, yeiH, yejB, yejG, yfaE, yfbK, yfbL, yfbV, yfcO, yfcP, yfdE, yfdV, yfeK, yfeS, yfgG, yfgH, yfhL, yfiL, yfiR, yfjI, ygaC, ygaM, ygaP, ygaV, ygaZ, ygcE, ygcO, ygcP, ygcS, ygdB, ygdR, ygeG, yggP, yghG, yghS, yghT, ygiF, ygiL, ygiM, ygiN, ygiZ, ygjH, ygjI, yhaB, yhaI, yhbX, yhcA, yhcC, yhcD, yhdV, yhfL, yhfZ, yhhQ, yhhZ, yhiJ, yhjD, yhjE, yiaD, yicJ, yidQ, yieE, yieH, yieP, yifB, yigI, yigL, yihD, yihL, yihO, yihQ, yiiE, yiiF, yijO, yjaH, yjbB, yjbQ, yjcB, yjcF, yjcO, yjeH, yjeJ, yjeM, yjfZ, yjgH, yjgM, yjgN, yjhI, ykgE, ykgH, ykgL, ymjA, ynaK, yneK, ynfA, ynfB, ynfD, ynfE, ynfF, ynfG, yniB, ynjF, ynjH, yobB, yobF, yoeB, yohO, yqeB, yqeH, yqeJ, yqeK, yraH, yrhB, ytfB, ytfJ, ytfK, ytfP, znuA	Dual
NadR	4	nadA, nadB, pncB, pnuC	Represor
NagC	33	chbA, chbB, chbC, chbF, chbG, chbR, chiP, chiQ, chiZ, creA, creB, creC, creD, crr, dinI, fimB, galP, manX, manY, manZ, nagA, nagB, nagC, nagE, nanC, nanM, nanS, ptsH, ptsI, umpH, ydeM, ydeN, ydeP	Dual
NanR	11	fimB, nanA, nanC, nanE, nanK, nanM, nanQ, nanS, nanT, nanX, nanY	Dual
NarL	119	adhE, aspA, aspX, caiF, ccmA, ccmB, ccmC, ccmD, ccmE, ccmF, ccmG, ccmH, citC, citD, citE, citF, citG, citX, cydC, cydD, cysG, dcuA, dcuB, dcuR, dcuS, dmsA, dmsB, dmsC, dmsD, dpiA, dpiB, fdhF, fdnG, fdnH, fdnI, focA, frdA, frdB, frdC, frdD, fumB, hcp, hcr, hyaA, hyaB, hyaC, hyaD, hyaE, hyaF, hybA, hybB, hybC, hybD, hybE, hybF, hybG, hybO, moeA, moeB, napA, napB, napC, napD, napF, napG, napH, narG, narH, narI, narJ, narK, narS, nikA, nikB, nikC, nikD, nikE, nikR, nirB, nirC, nirD, norV, norW, nuoA, nuoB, nuoC, nuoE, nuoF, nuoG, nuoH, nuoI, nuoJ, nuoK, nuoL, nuoM, nuoN, ogt, ompW, pflB, poxB, torA, torC, torD, ubiA, ubiC, ydeP, ydhT, ydhU, ydhV, ydhW, ydhX, ydhY, yeaR, ynfE, ynfF, ynfG, ynfH, yoaG, ytfE	Dual
NarP	36	cysG, fdhF, fdnG, fdnH, fdnI, hcp, hcr, hyaA, hyaB, hyaC, hyaD, hyaE, hyaF, nirB, nirC, nirD, norV, norW, nrfA, nrfB, nrfC, nrfD, nrfE, nrfF, nrfG, poxB, ydeP, ydhT, ydhU, ydhV, ydhW, ydhX, ydhY, yeaR, yoaG, ytfE	Dual
NemR	3	gloA, nemA, nemR	Represor
NfeR	2	nfeF, nfeR	Represor
NhaR	37	alaU, alaV, gltT, gltU, gltV, gltW, ileU, ileV, nhaA, nhaR, osmC, pgaA, pgaB, pgaC, pgaD, rmf, rrfB, rrfC, rrfD, rrfE, rrfF, rrfG, rrfH, rrlB, rrlC, rrlD, rrlE, rrlG, rrlH, rrsB, rrsC, rrsD, rrsE, rrsG, rrsH, rsd, thrV	Dual
NikR	6	nikA, nikB, nikC, nikD, nikE, nikR	Represor
NimR	2	nimR, nimT	Represor
NorR	3	norR, norV, norW	Dual
NrdR	9	nrdA, nrdB, nrdD, nrdE, nrdF, nrdG, nrdH, nrdI, yfaE	Represor
NsrR	86	aceE, aceF, bamE, bdcA, cdd, dkgB, dsdC, feaB, feaR, fhlA, fliA, fliZ, grxD, hcp, hcr, hmp, hycA, hycB, hycC, hycD, hycE, hycF, hycG, hycH, hycI, hypA, hypB, hypC, hypD, hypE, ihfA, infC, lrp, mepH, mhpT, moeA, moeB, ndh, norR, nrfA, nrfB, nrfC, nrfD, nrfE, nrfF, nrfG, pgpC, pheM, pheS, pheT, poxB, rffC, rffG, rffH, rffM, rplT, rpmI, rybB, sodB, sufA, sufB, sufC, sufD, sufE, sufS, tadA, tcyJ, tehA, tehB, thrS, tsgA, waaH, wecA, wecB, wecC, wecE, wecF, wzxE, wzyE, wzzE, ydbD, yeaE, yeaR, ygbA, yoaG, ytfE	Dual
NtrC	45	amtB, argT, astA, astB, astC, astD, astE, cbl, ddpA, ddpB, ddpC, ddpD, ddpF, ddpX, glnK, hisJ, hisM, hisP, hisQ, nac, patA, potF, potG, potH, potI, relA, rpoE, rseA, rseB, rseC, rseD, rutA, rutB, rutC, rutD, rutE, rutF, rutG, yeaE, yeaG, yeaH, yhdW, yhdX, yhdY, yhdZ	Dual
OhsC	1	shoB	Represor
OmpR	56	acrR, alx, bolA, cadA, cadB, cadC, copA, csgD, csgE, csgF, csgG, csgI, dtpA, ecnB, exoX, fadE, fadL, feoA, feoB, feoC, flhC, flhD, galP, gmhA, htpX, lpp, malE, micF, narU, narV, narW, narY, narZ, nmpC, nuoN, ompC, ompX, omrA, omrB, pdhR, pgaA, pgaB, pgaC, pgaD, potE, queE, rhtA, rob, speF, speFL, sra, sstT, tolC, tsgA, yobB, znuA	Dual
OmrA	12	cirA, csgD, csgE, csgF, csgG, dgcM, fepA, flgM, flhC, flhD, ompR, ompT	Represor
OmrB	12	cirA, csgD, csgE, csgF, csgG, dgcM, fepA, flgM, flhC, flhD, ompR, ompT	Represor
OxyR	44	ahpC, ahpF, ccp, dps, dsbG, fhuF, flu, fur, gntP, gor, grxA, hcp, hcr, hemF, hemH, isrC, katG, metE, metR, mntH, nfsA, oxyR, oxyS, poxB, rimK, sufA, sufB, sufC, sufD, sufE, sufS, trxC, uof, uxuA, uxuB, xthA, ybjC, ybjN, ychF, yjjZ, zinT, znuA, znuB, znuC	Dual
OxyS	10	fhlA, flhC, flhD, iscA, iscR, iscS, iscU, mepS, nusG, rpoS	Dual
PaaX	14	paaA, paaB, paaC, paaD, paaE, paaF, paaG, paaH, paaI, paaJ, paaK, paaX, paaY, paaZ	Represor
PdeL	9	fliF, fliG, fliH, fliI, fliJ, fliK, pdeL, wecA, yghJ	Dual
PdhR	54	aceE, aceF, acpP, cyoA, cyoB, cyoC, cyoD, cyoE, ddlB, fadE, fadH, fadL, fadM, fecA, fecB, fecC, fecD, fecE, ftsA, ftsI, ftsL, ftsO, ftsQ, ftsW, ftsZ, fumD, glcA, glcB, glcD, glcE, glcF, glcG, gmhA, grcA, hemL, hha, lldP, lpd, lpxC, mraY, mraZ, murC, murD, murE, murF, murG, ndh, pdhR, ppsA, ppsR, rsmH, tomB, ybcV, ybcW	Dual
PepA	3	carA, carB, pepA	Represor
PgrR	9	mpaA, mppA, tyrR, ycjF, ycjG, ycjX, ycjY, ymjC, ymjD	Represor
PhoB	60	adiC, agp, amn, argP, asr, cra, cusA, cusB, cusC, cusF, cusR, cusS, eda, feaR, gadW, gadX, hiuH, mipA, msrP, msrQ, ompF, phnC, phnD, phnE1, phnF, phnG, phnH, phnI, phnJ, phnK, phnL, phnM, phnN, phnO, phnP, phoA, phoB, phoE, phoH, phoQ, phoR, phoU, pitB, prpR, psiE, psiF, pstA, pstB, pstC, pstS, rcdB, rspR, sbcC, sbcD, tktB, waaH, yegH, yibT, yoaI, ytfK	Dual
PhoP	57	acrA, acrB, argD, borD, clpS, cysB, dcuD, fadL, gadE, gadF, gadW, glgA, glgB, glgC, glgP, glgX, hdeA, hdeB, hdeD, hemL, iraM, malS, metB, metL, mgrB, mgrR, mgtA, mgtL, mgtS, nagA, ompT, pagP, purD, purH, queE, rmf, rsd, rstA, rstB, rutA, rutB, rutC, rutD, rutE, rutF, rutG, ryjB, safA, tolC, treR, ybjG, ydeO, ydeP, ygiB, ygiC, yhiD, yrbL	Dual
PlaR	14	eda, glpA, glpT, lyxK, plaR, sgbE, sgbH, sgbU, ygjV, yiaK, yiaL, yiaM, yiaN, yiaO	Represor
Pnp	1	pnp	Represor
PrpR	5	prpB, prpC, prpD, prpE, prpR	Dual
PspF	8	pspA, pspB, pspC, pspD, pspE, pspF, pspG, pspH	Dual
PtrR	13	acrA, acrB, acrR, gabD, gadA, gadB, glsB, puuA, puuB, puuC, puuE, sad, yneG	Dual
PunR	1	punC	Activador
PurR	32	carA, carB, codA, codB, cvpA, gcvH, gcvP, gcvT, glnB, glyA, guaA, guaB, hflD, prs, purA, purB, purC, purD, purE, purF, purH, purK, purL, purM, purN, purR, purT, pyrC, pyrD, speA, speB, ubiX	Represor
PutA	2	putA, putP	Represor
PuuR	8	puuA, puuB, puuC, puuD, puuE, puuP, puuR, ymjE	Represor
PyrR	1	yhjX	Activador
QseB	13	dnaA, fimA, fimC, fimD, fimF, fimG, fimH, fimI, fimR2, flhC, flhD, qseB, qseC	Dual
RacR	6	rzpR, ydaS, ydaT, ydaU, ydaV, ydaW	Represor
RalA	1	ralR	Represor
RbsR	12	add, dcd, purD, purH, rbsA, rbsB, rbsC, rbsD, rbsK, rbsR, rbsZ, udk	Dual
RcdA	14	asr, bluF, csgD, csgE, csgF, csgG, rcdA, rmf, rsd, sulA, yagK, ybjI, ybjJ, ydeI	Dual
RclR	3	rclA, rclB, rclC	Activador
RcnR	3	rcnA, rcnB, rcnR	Represor
RcsAB	16	csgD, csgE, csgF, csgG, flhC, flhD, rcsA, wcaA, wcaB, wza, wzb, wzc, yjbE, yjbF, yjbG, yjbH	Dual
RcsB	26	bdm, ftsA, ftsZ, gadA, gadB, gadC, gadX, gadY, hdeA, hdeB, hdeD, lolA, osmB, osmC, rarA, rpoE, rprA, rseA, rseB, rseC, rseD, safA, sra, ydeO, ydeP, yhiD	Dual
RcsB-BglJ	16	bglB, bglF, bglG, leuO, sfsB, yecT, yehF, ygiZ, yidL, ykiA, ynbA, ynbB, ynbC, ynbD, ynjI, yqhG	Activador
RelB	3	hokD, relB, relE	Represor
RelBE	3	hokD, relB, relE	Represor
RhaR	2	rhaR, rhaS	Activador
RhaS	6	rhaA, rhaB, rhaD, rhaR, rhaS, rhaT	Activador
Rob	52	acnA, acrA, acrB, acrZ, acs, actP, aldA, aslB, astC, chaC, dapD, elaB, fadA, fadB, fadD, fadL, fumC, glgS, glnD, inaA, ldtB, lpxL, map, marA, marB, marR, mdaB, mdtD, micF, mltF, narG, nfo, nfsA, nfsB, rimK, rob, sodA, tolC, waaY, waaZ, yacH, ybiT, ybjC, ybjN, ydcL, ygiB, ygiC, yhbO, yhbW, yiaG, yjcH, zwf	Dual
RplA	6	rplA, rplJ, rplK, rplL, rpoB, rpoC	Represor
RplD	1	tnaA	Represor
RplM	2	rplM, rpsI	Represor
RplT	2	rplT, rpmI	Represor
RplY	1	rplY	Represor
RpmE	1	rpmE	Represor
RpoN	6	cspC, fadL, mutM, nth, yfcZ, yobF	Represor
RprA	9	csgD, csgE, csgF, csgG, dgcM, hdeD, lrhA, narP, rpoS	Dual
RpsA	5	fis, manY, pnp, rpsA, rpsO	Dual
RpsB	3	rpsB, tff, tsf	Represor
RpsD	4	rplQ, rpsD, rpsK, rpsM	Represor
RpsG	4	fusA, rpsG, rpsL, tufA	Represor
RpsH	12	rplE, rplF, rplN, rplO, rplR, rplX, rpmD, rpmJ, rpsE, rpsH, rpsN, secY	Represor
RpsO	1	rpsO	Represor
RseX	4	fimB, ihfB, ompA, ompC	Represor
RstA	10	asr, csgD, csgE, csgF, csgG, narG, narH, narI, narJ, ompF	Dual
RtcR	2	rtcA, rtcB	Activador
RutR	17	carA, carB, fepB, gadW, gadX, gloA, nemA, nemR, pdeR, rutA, rutB, rutC, rutD, rutE, rutF, rutG, rutR	Dual
RybB	15	csgD, csgE, csgF, csgG, fadL, fiu, maoP, nmpC, ompC, ompF, ompW, rbsB, rluD, sdhC, tsx	Dual
RydC	12	cfa, csgD, csgE, csgF, csgG, pheA, trpA, trpB, trpC, trpD, trpE, trpL	Dual
RyhB	45	acnB, b0725, bfr, cirA, cysE, erpA, fumA, fur, grxD, hemB, hemH, iscA, iscR, iscS, iscU, marA, msrB, nirB, nuoA, nuoB, nuoC, nuoE, nuoF, nuoG, nuoH, nuoI, nuoJ, nuoK, nuoL, nuoM, nuoN, sdhA, sdhB, sdhC, sdhD, sdhX, shiA, sodA, sodB, sucA, sucB, sucC, sucD, uof, yieP	Dual
S6:S18 ribosomal subunit complex	4	priB, rplI, rpsF, rpsR	Represor
SdhX	6	ackA, fdhE, fdoG, fdoH, fdoI, katG	Represor
SdiA	7	ftsA, ftsZ, gadW, gadY, rflP, rmf, rsd	Dual
SdsN	3	hmp, narP, nfsA	Represor
SdsR	5	mutS, tolC, yeaG, yeaH, yhcB	Represor
SelB-L-selenocysteinyl-tRNA<sup>sec</sup>	2	selA, selB	Represor
SgrR	9	alaC, setA, sgrR, sgrS, sgrT, sroA, thiB, thiP, thiQ	Dual
SgrS	10	adiY, asd, folE, manX, manY, manZ, ptsG, purR, yeiB, yigL	Dual
SibC	1	ibsC	Represor
SlyA	48	cas1, cas2, casA, casB, casC, casD, casE, elfA, fecI, fecR, gspC, gspD, gspE, gspF, gspG, gspH, gspI, gspJ, gspK, gspL, gspM, gspO, hlyE, leuO, mdtM, paaA, paaB, paaC, paaD, paaE, paaF, paaG, paaH, paaI, paaJ, paaK, pagP, rmf, rsd, sgcA, sgcB, sgcC, sgcE, sgcQ, sgcR, sgcX, slyA, yjiN	Dual
SoxR	8	aroF, fumC, sodA, soxR, soxS, tyrA, yjcB, yrbL	Dual
SoxS	54	acnA, acrA, acrB, acrZ, aldA, cadA, dapD, decR, fldA, fldB, fpr, fumC, fur, glnD, inaA, lpxC, lpxL, map, marA, marB, marR, mdaB, micF, nepI, nfo, nfsA, nfsB, ompN, ompW, pbpG, pgi, poxB, pqiA, pqiB, pqiC, ptsG, ribA, rimK, rob, sodA, soxS, tolC, uof, waaY, waaZ, ybjC, ybjN, ydbK, ygiB, ygiC, yhbW, yrbL, zinT, zwf	Dual
Spf	27	araF, ascF, atoD, caiA, dppB, ebgC, fucI, fucK, fucP, galK, gdhA, glpF, gltA, gss, lldP, maeA, nanC, nanT, paaK, puuE, sdhC, srlA, sthA, sucC, xylF, yjiA, ytfJ	Dual
SraG	1	pnp	Represor
SrlR	7	gutM, gutQ, srlA, srlB, srlD, srlE, srlR	Represor
SrsR	38	adhE, bluR, cdgI, dhaK, dhaL, dhaM, dinJ, fucA, fucI, fucK, fucO, fucP, fucR, fucU, hycB, narZ, paaA, paaB, paaC, paaD, paaE, paaF, paaG, paaH, paaI, paaJ, paaK, paaZ, pflB, yafL, yafQ, yfdK, yfdL, yfdM, yfdN, yfdO, yfdP, yfdQ	Activador
StfZ	1	ftsZ	Represor
StpA	21	bglB, bglF, bglG, cas1, cas2, casA, casB, casC, casD, casE, fau, leuO, malE, malF, malG, malH, proV, proW, proX, ssrS, stpA	Dual
SutR	7	cysE, fliA, fliZ, pfkB, tcyJ, ydcO, ypfN	Dual
SymR	1	symE	Represor
TdcA	7	tdcA, tdcB, tdcC, tdcD, tdcE, tdcF, tdcG	Activador
TdcR	7	tdcA, tdcB, tdcC, tdcD, tdcE, tdcF, tdcG	Activador
TorR	19	adiA, adiC, gadB, gadC, gadE, hdeA, hdeB, mdtE, mdtF, rpoS, slp, tnaA, tnaB, tnaC, torA, torC, torD, torR, yhiD	Dual
TreR	2	treB, treC	Represor
TrpR	12	aroH, aroL, aroM, mtr, trpA, trpB, trpC, trpD, trpE, trpL, trpR, yaiA	Represor
TyrR	11	aroF, aroG, aroL, aroM, aroP, folA, mtr, tyrA, tyrB, tyrR, yaiA	Dual
UhpA	2	uhpT, uhpU	Activador
UhpU	2	fliC, lrhA	Dual
UidR	4	uidA, uidB, uidC, uidR	Represor
UlaR	7	ulaA, ulaB, ulaC, ulaD, ulaE, ulaF, ulaG	Represor
UvrY	6	csrB, csrC, luxS, uhpT, uhpU, ydeP	Activador
UxuR	11	exuR, fliC, gntP, lgoD, lgoR, uidA, uidB, uidC, uxuA, uxuB, uxuR	Represor
XapR	2	xapA, xapB	Activador
XylR	9	araC, xylA, xylB, xylE, xylF, xylG, xylH, xylR, xylZ	Dual
XynR	5	insX, yagA, yagB, yagE, yagF	Represor
YafC	1	cysJ	Activador
YciT	4	bsmA, cusF, rdcA, ybiY	Dual
YcjW	12	ompG, ycjM, ycjN, ycjO, ycjP, ycjQ, ycjR, ycjS, ycjT, ycjU, ycjV, ymjB	Represor
YdaT	1	rcsA	Activador
YdcI	5	flu, gadB, iraP, isrC, smrB	Activador
YdeO	24	adiA, appA, appB, appC, appX, dctR, gadB, gadE, gadF, gadW, hyaA, hyaB, hyaC, hyaD, hyaE, hyaF, mdtE, mdtF, nhaR, safA, slp, uspD, ydeO, yiiS	Dual
YdfH	2	rspA, rspB	Represor
YdiP	2	cspA, cspE	Activador
YebK	1	yebK	Represor
YefM	2	yefM, yoeB	Represor
YefMB	2	yefM, yoeB	Represor
YegW	3	yegT, yegU, yegV	Represor
YeiE	15	argO, cysJ, dcuC, ftp, gltF, infA, mdtF, pflB, putA, sodC, ssuA, uspF, ydcT, yibQ, yoaC	Dual
YeiL	1	yeiL	Activador
YfeC	6	hybE, rpmB, rpmH, rpsU, yfeC, ygdR	Dual
YgaV	4	cirA, fhuE, fhuF, nfeF	Activador
YgbI	2	ygbJ, ygbK	Represor
YgiV	1	mcbR	Represor
YhaJ	8	bssS, ybiJ, ygiD, yhaJ, yhaK, yhaL, yhhW, yqjF	Activador
YiaU	6	adeP, gltD, waaP, yiaT, yiaV, yiaW	Activador
YidZ	4	malE, ppiC, rbsD, rof	Represor
YieP	7	cusA, dauA, rydC, ybiX, yieP, ykgE, yohJ	Dual
YjjQ	10	dgcN, flhC, flhD, gfcA, ompC, ybhL, yciX, yfiB, yfiR, ymiA	Represor
YqhC	2	dkgA, yqhD	Activador
YrdG	1	mscL	Represor
ZntR	2	rmf, rsd	Represor
ZraR	28	acrE, cpxP, cspA, cspB, exuR, fhuA, fliA, gadW, glnA, glnH, mdtL, mgtA, pnp, raiA, rfaD, rmf, rpoH, sspA, ssrA, tnaA, tnaB, yhdW, yhhY, yjjY, yrdD, zraP, zraR, zraS	Dual
Zur	7	pliG, ykgM, ykgO, zinT, znuA, znuB, znuC	Represor
acetyl-CoA carboxyltransferase	2	accA, accD	Represor
carbon storage regulator CsrA	14	acnA, dgcT, dgcZ, evgA, glgA, glgC, glgP, glgS, nhaR, pgaA, pgaB, pgaC, pgaD, sdiA	Represor
ppGpp	306	acnA, adhP, agp, aidB, alaT, alaU, alaV, argH, argI, argS, argT, argX, ariR, aroM, blc, bolA, cadA, cbpA, cbpM, cfa, clsB, crp, csgD, csgE, csgF, csgG, csgI, cspA, cspD, csrA, csrB, csrC, curA, cysQ, dacC, dkgA, dksA, dnaA, dnaN, dps, dtpB, dusB, ecnB, efp, elaB, fadD, fadL, fbaB, fimB, fis, fkpA, flu, folK, frr, ftsA, ftsK, ftsQ, ftsZ, gabD, gabP, gabT, gadA, gadB, gadC, gadE, gadF, gadX, ggt, glaH, glgA, glgC, glgP, glgS, glnU, glnV, glnW, glnX, glsA, gltT, gltU, gltV, gltW, gluQ, glyT, grxB, hchA, hdeA, hdeB, hdeD, hisJ, hisM, hisP, hisQ, hisR, hmp, hns, idlP, ileT, ileU, ileV, ilvA, ilvB, ilvD, ilvE, ilvG, ilvH, ilvI, ilvL, ilvM, ilvN, ilvX, infA, iraD, iraP, isrC, ivbL, katE, kbp, ldtE, leuA, leuB, leuC, leuD, leuL, leuO, leuT, leuV, leuW, leuX, lhgD, livJ, lrp, lysS, mazG, mdtE, mdtF, metT, metU, metV, metW, metZ, mioC, mnmG, msyB, narU, osmB, osmC, osmF, osmY, otsA, otsB, patA, pcnB, phr, pnp, poxB, prfB, prfC, priB, proM, pth, pyrB, pyrI, pyrL, qorA, queA, recF, relA, rluC, rmf, rnpA, rplI, rpmE, rpmH, rpoE, rpoS, rpsB, rpsF, rpsO, rpsR, rrfA, rrfB, rrfC, rrfD, rrfE, rrfF, rrfG, rrfH, rrlA, rrlB, rrlC, rrlD, rrlE, rrlG, rrlH, rrsA, rrsB, rrsC, rrsD, rrsE, rrsG, rrsH, rseA, rseB, rseC, rsmG, rssB, serW, setA, sgrR, sgrS, sgrT, sodC, speC, sra, sroA, sroD, sufA, sufB, sufC, sufD, sufE, sufS, talA, tam, tff, tgt, thiB, thiP, thiQ, thrA, thrB, thrC, thrL, thrT, thrU, thrV, tktB, tpr, treA, treF, trxA, tsf, tufB, tyrT, tyrU, tyrV, uspA, uspB, uspC, uspD, uspE, wrbA, yahO, yaiA, yajC, yajO, ybaA, ybaT, ybdK, ybeL, ybgA, ybgS, ybhN, ybhP, ybjP, ycaP, yccJ, yccU, ycgB, ychF, ychH, ydcK, ydcL, yeaG, yeaH, yeaQ, yebF, yebV, yedP, yegP, yehE, yehW, yehX, yehY, yfcZ, yghA, yhbO, yhcO, yhhA, yhiD, yiaG, yiiS, yjbJ, yjfY, yjgH, ynfD, yniA, yoaC, yohC, yojI, yqaE, yqjF, ysgA, ytiC, ytiD	Dual
ribonuclease E	1	rne	Represor
small heat shock protein IbpA	2	ibpA, ibpB	Represor
threonine&mdash;tRNA ligase	1	thrS	Represor
